workstream_id,request_id,owner_role,domain,title,status,dependency_ids,evidence_refs,updated_at
WS-01,DEVREQ-CYCLE-EVT-20260803-002,ENG-01,engineering_coordination,Engineering Coordination: Implement Sandwich Download Manager v0.1 for Windows,completed,,"Coordination artifact parsed successfully with requestId DEVREQ-CYCLE-EVT-20260803-002 and planId ENGPLAN-CYCLE-EVT-20260803-002.|Inspectable result contains 6 delivery stages, 14 dependency entries, and 3 explicit blockers.|Traceability check found no missing criteria among AC-01 through AC-30.|Artifact records one shared Rust domain/service owner for business rules and reserves independent disposition for ENG-15.|git diff --check exited 0.|SHA-256: 9D2FC1029E26B7197313AA07A408A6D56B80E22D55EDC8A4B05E035B17971785.|Git status confirmed the only WS-01-created path is docs/engineering-coordination/DEVREQ-CYCLE-EVT-20260803-002-workstream-sequence.json; pre-existing orchestration and taskboard changes were not modified.",2026-08-03T18:10:35.923Z
WS-02,DEVREQ-CYCLE-EVT-20260803-002,ENG-02,solution_architecture,Solution Architecture: Implement Sandwich Download Manager v0.1 for Windows,completed,WS-01,"Architecture artifact parsed successfully with recordId ARCH-DEVREQ-CYCLE-EVT-20260803-002.|Inspectable result contains 5 accepted ADRs, 6 canonical components, 6 adapter contracts, 7 lifecycle states, and 5 capability ownership mappings.|Traceability check found no missing criteria among AC-01 through AC-30.|The topology assigns lifecycle, URL, transfer, persistence, filename, collision, progress, and recovery rules to the shared Rust engine while limiting the UI and Windows adapters to presentation and OS integration.|The artifact records security and privacy boundaries for URLs, redirects, server filenames, destination containment, shell actions, and ephemeral clipboard inspection.|The artifact requires controlled HTTP integration tests for transfer behavior and real Tauri/WebView or equivalent Windows runtime tests for user-visible behavior.|The artifact explicitly reserves independent engineering disposition for ENG-15.|git diff --check produced no errors.|Git status confirmed the WS-02-created path is docs/architecture/DEVREQ-CYCLE-EVT-20260803-002-solution-architecture.json; pre-existing orchestration, coordination, and taskboard changes were not modified.|SHA-256: D26606A7B717A99F53BDCD3CE4995E15A8F985C8FF63DE0F1D45515F81B14847.",2026-08-03T18:10:35.923Z
WS-03,DEVREQ-CYCLE-EVT-20260803-002,ENG-03,frontend_accessibility,Frontend and Accessibility: Implement Sandwich Download Manager v0.1 for Windows,completed,WS-02,"npm test passed 2 of 2 formatter and canonical-state-label tests with zero failures.|node --check passed for src/main.js and tests/frontend/serve-ui.js.|git diff --check completed without whitespace errors; its only output was an existing LF-to-CRLF warning for engineering/taskboard/workstreams.csv.|Real Chromium DOM snapshots exposed labeled URL intake, destination selection, organization checkbox, clipboard confirmation, queue progress, transferred bytes, speed, ETA, failure alerts, and discernible download controls.|The runtime fixture displayed active, paused, failed, and completed downloads with 50%, 25%, 0%, and 100% progress respectively; active speed rendered as 1.0 MB/s and ETA as About 5 sec left.|Runtime interaction selected C:\Users\Tester\Downloads, submitted https://example.com/manual.iso, and rendered manual.iso as Queued without reimplementing URL or destination business rules in the UI.|Runtime interaction dismissed the clipboard offer without starting it and announced Clipboard suggestion dismissed.|Runtime interaction paused example.zip and changed its visible state to Paused, replaced Pause with Resume, suppressed active speed and ETA, and announced example.zip: Paused.|Playwright console inspection reported 0 errors and 0 warnings.|The frontend consumes typed shell commands/events for list, submit, control, clipboard confirmation, destination selection, open-file, and reveal-in-folder operations; lifecycle and filesystem policy remain owned by the shared engine boundary.",2026-08-03T18:10:35.923Z
WS-04,DEVREQ-CYCLE-EVT-20260803-002,ENG-04,backend_api_integration,"Backend, API, and Integration: Implement Sandwich Download Manager v0.1 for Windows",completed,WS-02,"Created a standalone GPL-3.0-only Rust download-engine crate using tokio and reqwest within the permitted packages path.|Behavioral runtime tests used controlled local HTTP servers and passed segmented Range transfer and Range-ignored single-stream fallback scenarios, comparing completed files byte-for-byte with a 32,000-byte source payload.|The Range-supporting runtime test observed at least five Range requests: one capability probe and four bounded segment transfers.|Implemented concurrent bounded segment requests with a maximum of eight segments, exact segment-length validation, positioned reassembly, final-length verification, and publication through part-file rename.|Implemented atomic JSON manifest replacement, per-segment completed-byte checkpoints, and startup conversion of active state to recoverably_interrupted.|Behavioral persistence test passed with a simulated active manifest retaining a four-byte segment checkpoint across reload.|Behavioral filename tests passed for path traversal removal, invalid Windows-character replacement, and Windows reserved-name handling.|URL intake rejects non-HTTP(S) schemes, missing hosts, and embedded credentials before network activity.|Final cargo test passed 2 integration tests with zero failures; unit and documentation test targets also passed.|Final cargo clippy completed successfully with warnings denied.|Final cargo fmt check passed.|Final git diff --check exited successfully; output contained only pre-existing LF-to-CRLF warnings for .gitignore and engineering/taskboard/workstreams.csv.",2026-08-03T18:10:35.923Z
WS-05,DEVREQ-CYCLE-EVT-20260803-002,ENG-05,mobile_desktop_clients,Client Applications: Implement Sandwich Download Manager v0.1 for Windows,completed,WS-02,"Implemented a Windows Tauri 2 desktop shell under apps/desktop that consumes the shared packages/download-engine Rust crate.|Implemented Tauri commands for queue listing, validated URL submission, destination selection, download controls, completed-file opening, and reveal-in-folder.|Implemented confirmation-based clipboard URL offers; detected clipboard URLs are emitted to the UI and are not automatically downloaded.|Configured the Tauri shell to load the existing accessible UI from src and added Windows MSI/NSIS bundle targets.|git diff --check completed successfully with exit code 0.|Both cargo check attempts terminated automatically at their configured 120-second and 60-second timeouts while resolving or compiling Tauri dependencies; neither produced a completed build result.",2026-08-03T18:10:35.923Z
WS-06,DEVREQ-CYCLE-EVT-20260803-002,ENG-06,database_storage,Database and Storage: Implement Sandwich Download Manager v0.1 for Windows,completed,WS-02,"Implemented shared-engine manifest validation for schema version, credential-free HTTP(S) URLs, contiguous segment ranges, bounded completed offsets, total-byte coverage, and completed-state integrity.|Implemented validated metadata backup and restore plus rollback-aware replacement of live manifests.|Runtime test manifest_backup_restore_and_validation_are_runtime_safe corrupted live metadata, verified load rejection, restored a validated backup, preserved paused segment progress, and rejected an unknown schema version.|Runtime integration suite passed 3 tests, including segmented and Range-fallback byte correctness, restart recovery, filename containment, and backup/restore behavior.|cargo fmt check, cargo clippy with warnings denied, and git diff --check completed successfully.|Inspectable storage artifact documents the v1 data model, migration and rollback policy, backup and restore procedure, index decision, capacity plan, implementation notes, risks, and DEVREQ traceability.|SHA-256 packages/download-engine/src/lib.rs: 0C3368C588F1EC33E5342D6735D973DBE66EACE576DF37074450586A18B9447C.|SHA-256 packages/download-engine/tests/runtime.rs: EBA030931E30663EDEE0F8017253F7FB031918857640C4AFD8654C64D5D9D71C.|SHA-256 docs/database-storage/DEVREQ-CYCLE-EVT-20260803-002-database-storage-plan.json: 87211B09D52B9A645C0907671BED155DEF8CF0E8CF9F483B25792D4C64C2B2A4.",2026-08-03T18:10:35.923Z
WS-07,DEVREQ-CYCLE-EVT-20260803-002,ENG-07,data_analytics_ai,"Data, Analytics, and AI: Implement Sandwich Download Manager v0.1 for Windows",completed,WS-02,"Created an inspectable WS-07 domain record with recordId DAAI-DEVREQ-CYCLE-EVT-20260803-002.|JSON validation reported 6 inspected components, 4 acceptance-traceability groups, analytics disposition absent-by-default, AI disposition out-of-scope-no-validated-use-case, and 0 unexpected listed analytics/AI dependencies.|The record distinguishes sensitive local operational manifests from analytics data and keeps lifecycle, URL, filename, collision, progress, and recovery rules in the shared Rust engine.|The record defines prohibited data collection, future telemetry enablement gates, AI exclusions, privacy regression checks, and traceability for AC-07, AC-09, AC-10, AC-11, AC-18, AC-20, AC-23, AC-24, and AC-28.|No analytics SDK, AI SDK, credential, endpoint, remote pipeline, or application behavior was introduced; therefore no user-visible behavioral test was applicable to this workstream.|git diff --check completed without errors.|SHA-256: BE46E58380AEBDDC3BF971B56ABC6A5AC588A7B0BFBFD8B2AAEE0E5F162B9116.",2026-08-03T18:10:35.923Z
WS-08,DEVREQ-CYCLE-EVT-20260803-002,ENG-08,platform_cloud_network,"Platform, Cloud, and Network: Implement Sandwich Download Manager v0.1 for Windows",completed,WS-02,"WS-02 dependency status is completed and its accepted architecture boundary was consumed.|Added a least-privilege Windows CI workflow with read-only repository permissions, same-ref concurrency cancellation, a 30-minute timeout, locked engine behavioral tests, and locked Tauri compilation.|Added an inspectable platform/network record tracing WS-08 to DEVREQ-CYCLE-EVT-20260803-002 and documenting the local-first, outbound-only, no-cloud-runtime, no-production boundary.|The engine behavioral suite passed: 3 passed, 0 failed. It exercised manifest recovery, filename containment, segmented Range transfers, Range-ignored fallback, and byte-correct output.|The initial desktop check identified the missing Windows icon resource; after adding it, cargo check passed. The final locked check completed successfully with one pre-existing unused-import warning.|The platform evidence contract parsed successfully with five traceability entries, productionDeployment=false, and no workflow secrets required.|git diff --check completed without errors; reported warnings concerned unrelated pre-existing CRLF normalization.|SHA-256 .github/workflows/windows-ci.yml: 79AE28A9BE8DB5A885051A0AF0BAF4B3E198B9BEF4D153FECAE503F6935DEAD4.|SHA-256 apps/desktop/Cargo.lock: C4177423321B185A45DD0B99CD71522CB5648CC546DE55A0F637AE2FD557C88B.|SHA-256 apps/desktop/icons/icon.ico: 2C9C06FA290EB98B1AE1F1D783231E14E5D9AD859B58C9D6B4732BFCBD10B740.|SHA-256 platform review: A26684EACE9EB8BFAE047790FC7A0AD88EAE353E961FBC9BE907EAC339945214.|No production deployment, credentials, signing material, database operation, Git branch, or commit was created.",2026-08-03T18:10:35.923Z
WS-09,DEVREQ-CYCLE-EVT-20260803-002,ENG-09,security_privacy_compliance,"Security, Privacy, and Compliance: Implement Sandwich Download Manager v0.1 for Windows",completed,WS-02|WS-03|WS-04|WS-05|WS-06|WS-07|WS-08|WS-11|WS-12|WS-13,"Created an inspectable security, privacy, compliance, threat-model, supply-chain, and acceptance-criteria traceability record containing 7 findings and 4 release-blocking findings.|The security-review JSON parsed successfully and reported recordId SEC-DEVREQ-CYCLE-EVT-20260803-002, 7 findings, 4 blockers, and a distribution-blocking disposition.|cargo test --manifest-path packages\download-engine\Cargo.toml passed all 4 behavioral integration tests, including byte-correct segmented/fallback downloads, restart recovery, filename containment, manifest validation, and backup/restore.|cargo tree --manifest-path apps\desktop\Cargo.toml --locked --duplicates completed successfully and supplied resolved dependency evidence including Tauri 2.11.5, reqwest 0.12.28, rustls 0.23.43, tokio 1.53.1, and arboard 3.6.1.|git diff --check completed successfully; its only output was pre-existing LF-to-CRLF warnings for .gitignore and engineering/taskboard/workstreams.csv.|cargo audit --version terminated with an unavailable-command error, recorded as a supply-chain evidence limitation.",2026-08-03T18:10:35.923Z
WS-10,DEVREQ-CYCLE-EVT-20260803-002,ENG-10,quality_test_automation,Quality Engineering: Implement Sandwich Download Manager v0.1 for Windows,completed,WS-03|WS-04|WS-05|WS-06|WS-07|WS-08|WS-11|WS-12|WS-13|WS-09,"Machine-readable regression report completed with status passed in 3662 ms and traceability to DEVREQ-CYCLE-EVT-20260803-002.|Node.js runtime tests passed: 2 passed, 0 failed.|Rust download-engine behavioral tests passed: 4 passed, 0 failed, including controlled Range transfer, non-Range fallback, byte integrity, manifest recovery, metrics, and filename containment.|cargo fmt --check passed for the shared download-engine crate.|cargo check passed for the Windows Tauri desktop adapter consuming the shared engine.|git diff --check exited successfully.",2026-08-03T18:10:35.923Z
WS-11,DEVREQ-CYCLE-EVT-20260803-002,ENG-11,sre_observability_performance,"SRE, Observability, and Performance: Implement Sandwich Download Manager v0.1 for Windows",completed,WS-02,"Shared Rust engine now owns TransferMetrics calculations and the MAX_SEGMENTS_PER_DOWNLOAD ceiling; the Tauri adapter consumes these shared rules.|Rust behavioral test suite passed: 4 tests, including segmented/fallback byte correctness, restart recovery, manifest backup/restore, and transfer metrics/concurrency controls.|Windows Tauri application passed cargo check without warnings.|Frontend formatter/state-label runtime tests passed: 2 tests, 0 failures.|SRE evidence document parsed successfully as JSON and records service objectives, privacy-safe telemetry constraints, recovery evidence, performance controls, traceability, and limitations.|git diff --check exited successfully.",2026-08-03T18:10:35.923Z
WS-12,DEVREQ-CYCLE-EVT-20260803-002,ENG-12,devex_ci_cd_release,Developer Experience and Delivery: Implement Sandwich Download Manager v0.1 for Windows,completed,WS-02,"Baseline verification passed: 2 frontend tests, 4 download-engine behavioral integration tests, and the Windows Tauri cargo check.|The initial npm run build:windows attempt timed out after 124 seconds while concurrent Cargo processes held the build-directory lock; no passing result is claimed for that attempt.|Direct Check mode subsequently passed, recording Node v24.16.0, npm 11.13.0, rustc 1.97.0, cargo 1.97.0, 2 frontend tests, 4 engine behavioral tests, engine formatting, and desktop cargo check.|Direct Build mode passed in 74 seconds, including locked engine tests and a Windows Tauri debug build; Cargo completed the application build successfully.|git diff --check exited successfully; only line-ending warnings from unrelated pre-existing files were emitted.|The delivery traceability JSON parsed successfully and matched DEVREQ-CYCLE-EVT-20260803-002 and WS-12.",2026-08-03T18:10:35.923Z
WS-13,DEVREQ-CYCLE-EVT-20260803-002,ENG-13,seo_web_discovery,SEO and Web Discovery: Implement Sandwich Download Manager v0.1 for Windows,completed,WS-02,"npm test passed 2 frontend tests with 0 failures.|The SEO assessment parsed successfully as JSON.|git diff --check exited successfully; warnings concerned unrelated pre-existing files.|src/index.html includes application-name, description, noindex/nofollow/noarchive, and no-referrer metadata.|Machine-readable assessment traces crawl, metadata, structured-data, canonical-URL, and web-vitals decisions to DEVREQ-CYCLE-EVT-20260803-002.|SHA-256 src/index.html: 11A7408B4B18F6097B02722190A23B2914BE9E8CB4988A6797EE09F6D7A876C4.|SHA-256 SEO assessment: 4762321CDB95405E1938B992D245C7B51D69EAEF04841F947A50E13907D0E322.",2026-08-03T18:10:35.923Z
WS-14,DEVREQ-CYCLE-EVT-20260803-002,ENG-14,technical_documentation,Technical Documentation: Implement Sandwich Download Manager v0.1 for Windows,completed,WS-02|WS-03|WS-04|WS-05|WS-06|WS-07|WS-08|WS-11|WS-12|WS-13,"Added an inspectable JSON technical operations guide containing architecture ownership, runtime flow, local runbook, recovery and migration guidance, acceptance-criteria traceability, implementation notes, and eight known risks.|npm run verify:windows exited 0: Node v24.16.0, npm 11.13.0, rustc 1.97.0, cargo 1.97.0; 2 frontend tests passed; 4 shared-engine runtime tests passed; engine formatting passed; locked Tauri cargo check passed.|The engine runtime suite behaviorally exercised segmented and Range-ignored fallback downloads with byte equality, manifest backup/restore validation, restart classification, filename containment, and transfer metrics.|git diff --check exited 0.|The generated guide parsed successfully as JSON and reported recordId TECHDOC-DEVREQ-CYCLE-EVT-20260803-002, 9 traceability entries, 8 known risks, and SHA-256 3A4DC185FC561DA230F71A68DDC6BF6ACFAD1303C6257DA53FE7E02E9AE65B14.|git status confirmed only docs/technical-documentation/DEVREQ-CYCLE-EVT-20260803-002-technical-operations-guide.json as this workstream's new component.",2026-08-03T18:10:35.923Z
WS-15,DEVREQ-CYCLE-EVT-20260803-002,ENG-15,independent_engineering_verification,Independent Engineering Verification: Implement Sandwich Download Manager v0.1 for Windows,failed,WS-01|WS-02|WS-03|WS-04|WS-05|WS-06|WS-07|WS-08|WS-09|WS-10|WS-11|WS-12|WS-13|WS-14,,2026-08-03T18:10:35.923Z
